image_file,uav_id,frame_no,sim_time_s,captured_utc,sha256
images/uav10002_frame00001013_sim1782432012.583.jpg,10002,1013,1782432012.583,2026-09-15T12:40:06.813428+00:00,f0d95dd658572f68d34d89a1a1faae72630e08e8898fb1a72ace9c1e3f8e009f
images/uav10002_frame00001041_sim1782432013.083.jpg,10002,1041,1782432013.083,2026-09-15T12:40:07.758055+00:00,58ea7733e8285925259978cdcb73c375c7bd6136344d1847eef0bc44ed3ef416
images/uav10002_frame00001070_sim1782432013.600.jpg,10002,1070,1782432013.600,2026-09-15T12:40:08.695358+00:00,709ac79e5394a9c7cd9926437f22aecd7e9684a93cb21b589766ddd31c1a03e6
images/uav10002_frame00001098_sim1782432014.133.jpg,10002,1098,1782432014.133,2026-09-15T12:40:09.683105+00:00,c434f2a465bfa9c550859bfd3e252ffd260488e72e9a668d09b8c71e80516839
images/uav10002_frame00001127_sim1782432014.650.jpg,10002,1127,1782432014.650,2026-09-15T12:40:10.670849+00:00,c8b1956c1fb8676dbde95b323f076f386f0b151d42b090d293b1b0d976b95b26
images/uav10002_frame00001155_sim1782432015.150.jpg,10002,1155,1782432015.150,2026-09-15T12:40:11.597816+00:00,f99303cd5469b9869d33769f435b277e63a33ff7d92c87ea7dc1389da58a9112
images/uav10002_frame00001185_sim1782432015.683.jpg,10002,1185,1782432015.683,2026-09-15T12:40:12.580333+00:00,96192c570f154d09c993e72a20f4e8a50cb2806feab5bdd1c43a9db8ea4f77b0
images/uav10002_frame00001214_sim1782432016.183.jpg,10002,1214,1782432016.183,2026-09-15T12:40:13.563811+00:00,60de829028580b3844732c1e259ce444271c915aac9f472473f8e6e4b7a49761
images/uav10002_frame00001241_sim1782432016.683.jpg,10002,1241,1782432016.683,2026-09-15T12:40:14.441533+00:00,57671ada521d9e63af65b0a1cd3490ab8163d45dcd286fcb705254f91c749706
images/uav10002_frame00001270_sim1782432017.200.jpg,10002,1270,1782432017.200,2026-09-15T12:40:15.421820+00:00,1db82edfd9348031e45b7c81f8e14e4a32c719f804afffda3786e033fc1c35bd
images/uav10002_frame00001298_sim1782432017.700.jpg,10002,1298,1782432017.700,2026-09-15T12:40:16.404463+00:00,09a8b1ff1f39c3142ec9cd3726963a3a26103dac33c00a67f29863776c7abf9b
images/uav10002_frame00001325_sim1782432018.200.jpg,10002,1325,1782432018.200,2026-09-15T12:40:17.277609+00:00,cb762e998e20445f5b91ea270ee6ab7888f0009108f026e8d47a4b0d8037b442
images/uav10002_frame00001354_sim1782432018.733.jpg,10002,1354,1782432018.733,2026-09-15T12:40:18.264071+00:00,58bfb1d56616eb0e5819ec2ff128457c5e3e90cc41dfc52a846db3735ee9e096
images/uav10002_frame00001382_sim1782432019.233.jpg,10002,1382,1782432019.233,2026-09-15T12:40:19.207897+00:00,e4a3758752397d511c39097b19fab374b2c0a387e0ef9ab5ec79f35e75cab0bb
images/uav10002_frame00001410_sim1782432019.750.jpg,10002,1410,1782432019.750,2026-09-15T12:40:20.169073+00:00,34f1f42ab20945a8cc4a980abbff2e488458be00b564592e6e416c751a5ef323
images/uav10002_frame00001437_sim1782432020.250.jpg,10002,1437,1782432020.250,2026-09-15T12:40:21.116734+00:00,553cf66f009ce7fd5eb013405e66db641c31773ddc063a47ee2becb9b63cd31e
images/uav10002_frame00001466_sim1782432020.783.jpg,10002,1466,1782432020.783,2026-09-15T12:40:22.082957+00:00,d776a119de2e61322d18de861c5173822f6ed393c4d5c1bd5a4ffcfb843ea0f0
images/uav10002_frame00001494_sim1782432021.283.jpg,10002,1494,1782432021.283,2026-09-15T12:40:23.038732+00:00,99225991e2b2db86a0d92b4dcd628438aa135f016b58e3bc59680f865f978128
images/uav10002_frame00001522_sim1782432021.800.jpg,10002,1522,1782432021.800,2026-09-15T12:40:23.979042+00:00,e5e164118247c53c5c48e4e769a9600f301f58af6d430b6c8b009c13067127de
images/uav10002_frame00001549_sim1782432022.300.jpg,10002,1549,1782432022.300,2026-09-15T12:40:24.914723+00:00,fb0751169a23862e0a3be4ffc0a0a6bd70a227c8c300b56587e50337dfed59a2
images/uav10002_frame00001578_sim1782432022.800.jpg,10002,1578,1782432022.800,2026-09-15T12:40:25.861895+00:00,236fbd04e9066916f229b2ae798f7bf8f1e1a05dffc6cfc482dd981def76d810
images/uav10002_frame00001607_sim1782432023.333.jpg,10002,1607,1782432023.333,2026-09-15T12:40:26.856921+00:00,856220f851a596ea8712a97ae788098e78f87c0cb7d141bd0c9f12cb8c82ed2b
images/uav10002_frame00001636_sim1782432023.833.jpg,10002,1636,1782432023.833,2026-09-15T12:40:27.803386+00:00,41af202a052fccde23ef57d0eb5d007a171a5173790b724d7fc7165e0b6cce39
images/uav10002_frame00001663_sim1782432024.333.jpg,10002,1663,1782432024.333,2026-09-15T12:40:28.745141+00:00,f089db2aef61a9e29350bba619dce38fdf31e7f793a825e23d04613614a235f0
images/uav10002_frame00001690_sim1782432024.833.jpg,10002,1690,1782432024.833,2026-09-15T12:40:29.678986+00:00,040495e30b5c5143b5ebf0abc9311b3fbb32d9923afe92eb5c8f5dfa1a6df374
images/uav10002_frame00001718_sim1782432025.333.jpg,10002,1718,1782432025.333,2026-09-15T12:40:30.613223+00:00,9c36cca6accb2f7fef569e4ec60e93a811b310592ece58ab12c8e83007fd58f1
images/uav10002_frame00001747_sim1782432025.850.jpg,10002,1747,1782432025.850,2026-09-15T12:40:31.555850+00:00,d414d08fa0e91f3e8f32c9fbe2abcc3b179beda4dcd32a9d8d89c5952512a46e
images/uav10002_frame00001775_sim1782432026.350.jpg,10002,1775,1782432026.350,2026-09-15T12:40:32.493125+00:00,a4e07d1ae0b4314d8da434202be3086001a6097845c9773b68b261a80b5ba7ee
images/uav10002_frame00001803_sim1782432026.850.jpg,10002,1803,1782432026.850,2026-09-15T12:40:33.430318+00:00,5e6454384892dee4c5636018fb9e5ef9d6fe0b060f0174f7b27f773230fe9811
images/uav10002_frame00001832_sim1782432027.367.jpg,10002,1832,1782432027.367,2026-09-15T12:40:34.374290+00:00,1ddca950db724e26f564cd57ff4639e30370d527b21f5df73f76b590e50a9e92
images/uav10002_frame00001860_sim1782432027.867.jpg,10002,1860,1782432027.867,2026-09-15T12:40:35.314241+00:00,a70340bee587de3413e243b746a0948e4a3059a862ed4b8b8169e68955b1663c
images/uav10002_frame00001888_sim1782432028.367.jpg,10002,1888,1782432028.367,2026-09-15T12:40:36.255509+00:00,04b633281fcc791d6079dbd99121db3e7819634faf6048c0c8d7b2a8ee1ed4cf
images/uav10002_frame00001916_sim1782432028.867.jpg,10002,1916,1782432028.867,2026-09-15T12:40:37.198178+00:00,3138028dca6dcf740631135e03f693beceff41e70f7272efa6ceff48ea23efd2
images/uav10002_frame00001945_sim1782432029.383.jpg,10002,1945,1782432029.383,2026-09-15T12:40:38.133368+00:00,b71d0e2b3870af06f8325c78222292dddc93038995dc311ac4137593b1e43718
images/uav10002_frame00001973_sim1782432029.900.jpg,10002,1973,1782432029.900,2026-09-15T12:40:39.114324+00:00,3d178fd09e1c0ea4cb99aefc08ef74d6a3ffc4c3d9fe1ccad2d7099afecdcda0
images/uav10002_frame00002001_sim1782432030.417.jpg,10002,2001,1782432030.417,2026-09-15T12:40:40.053212+00:00,9891a69dba174be0fe0a36ee4d1d3e65dc923525cab04607d974324b87726484
images/uav10002_frame00002029_sim1782432030.917.jpg,10002,2029,1782432030.917,2026-09-15T12:40:41.003018+00:00,66f260001e20fb3b34444af9d38e05160bc7e9fa56d433e6dce1b82779c9570d
images/uav10002_frame00002057_sim1782432031.433.jpg,10002,2057,1782432031.433,2026-09-15T12:40:41.941145+00:00,024505f175401ce646745c1c1abcba22fdb2fd2ab1e0fd70c5dd510d306df1ea
images/uav10002_frame00002084_sim1782432031.933.jpg,10002,2084,1782432031.933,2026-09-15T12:40:42.873580+00:00,140d279effab9e2433d0428d0c59abae2b0e6f277df8207ea8f5b4e538f7e7f6
images/uav10002_frame00002111_sim1782432032.433.jpg,10002,2111,1782432032.433,2026-09-15T12:40:43.800870+00:00,654668862df9c96846d7871eb0c39c6b032576ae4c6e1241ca324876ec6c27e0
images/uav10002_frame00002140_sim1782432032.950.jpg,10002,2140,1782432032.950,2026-09-15T12:40:44.792992+00:00,c57d78266496804d48d120517f5db3270f4b3a6ba72381846e4e22df22683352
images/uav10002_frame00002167_sim1782432033.450.jpg,10002,2167,1782432033.450,2026-09-15T12:40:45.729063+00:00,ab56d580ee2e7846fb7d284f550f91730dd8d11322c7d169e661e1c8ca18ae2b
images/uav10002_frame00002196_sim1782432033.967.jpg,10002,2196,1782432033.967,2026-09-15T12:40:46.689098+00:00,2a997eb85a223b1081a078de5b97faf43b6337be865b291d1340c6730ac7e699
images/uav10002_frame00002224_sim1782432034.467.jpg,10002,2224,1782432034.467,2026-09-15T12:40:47.627547+00:00,ff6033eb1aa2ffc76d26dff633e493d3aecf8fcd6aa75f3af41969e0c9701ca2
images/uav10002_frame00002253_sim1782432034.983.jpg,10002,2253,1782432034.983,2026-09-15T12:40:48.566827+00:00,02d1fc16e04f713489ab0f64e187a47628651ae6e0481b5b1dbce28be20184a8
images/uav10002_frame00002281_sim1782432035.483.jpg,10002,2281,1782432035.483,2026-09-15T12:40:49.500565+00:00,8e7f33644f37cc49c729990da512bdc2ae4dc3b7d4e990fc999703e7bcf2d8dc
images/uav10002_frame00002307_sim1782432035.983.jpg,10002,2307,1782432035.983,2026-09-15T12:40:50.433009+00:00,e5713a9bc37051ea0906b66fa79cf9fe1308f43539bdfc7f07a6cb7ce6961d07
images/uav10002_frame00002335_sim1782432036.483.jpg,10002,2335,1782432036.483,2026-09-15T12:40:51.365132+00:00,7809a7436ba93fce55482acd37a30690484b7972d5c1e987a90593001ac7dfea
images/uav10002_frame00002363_sim1782432036.983.jpg,10002,2363,1782432036.983,2026-09-15T12:40:52.294254+00:00,16a297929878ff7b34b00a33624ef44800cb3a82b4345a0a830d88895b4edb24
images/uav10002_frame00002392_sim1782432037.517.jpg,10002,2392,1782432037.517,2026-09-15T12:40:53.287187+00:00,3dfefea436862b30c2f99567e17fc614b91de52ac977765320d257dc8d757e70
images/uav10002_frame00002419_sim1782432038.017.jpg,10002,2419,1782432038.017,2026-09-15T12:40:54.227414+00:00,2e2cb82d08c6a4939f70b0244a90026fd5141da1923802b65567bc673d6d8009
images/uav10002_frame00002449_sim1782432038.550.jpg,10002,2449,1782432038.550,2026-09-15T12:40:55.207113+00:00,d941e6221c024b3c6cec893cf2b0b6ffffabc58c0666094b98a198097127a66a
images/uav10002_frame00002477_sim1782432039.067.jpg,10002,2477,1782432039.067,2026-09-15T12:40:56.203514+00:00,375c8ceb30b178103ac8df91941d4d70fc647ad59b6d4332cf45591711109c6c
images/uav10002_frame00002505_sim1782432039.567.jpg,10002,2505,1782432039.567,2026-09-15T12:40:57.134875+00:00,c9a2206e4128ba456a063239bbe81d8ae90c1507b4d18ff4e094e68de9ddf83c
images/uav10002_frame00002534_sim1782432040.100.jpg,10002,2534,1782432040.100,2026-09-15T12:40:58.076829+00:00,034eaa799135f99a8becccac67c0db616df918cebefce6ffb4b4ab11620f60a3
images/uav10002_frame00002564_sim1782432040.633.jpg,10002,2564,1782432040.633,2026-09-15T12:40:59.121567+00:00,b4ac30c436e859237ae71213dd94e0e73e17308c94e757994804d294ad3c0f14
images/uav10002_frame00002592_sim1782432041.133.jpg,10002,2592,1782432041.133,2026-09-15T12:41:00.061666+00:00,bd9b7e7344c413c27d527e3467fd6a4251a27166e378f775fc003688106ad4b4
images/uav10002_frame00002620_sim1782432041.650.jpg,10002,2620,1782432041.650,2026-09-15T12:41:01.014946+00:00,5458396b1d431c515ff48a19a9958e160999ae2a2db3cbbe712509c33a1e154e
images/uav10002_frame00002650_sim1782432042.183.jpg,10002,2650,1782432042.183,2026-09-15T12:41:02.011552+00:00,9e4258f16ce20513b98c97fa7ba98b9866c4667c61fce404cf2885ca3b5be796
images/uav10002_frame00002678_sim1782432042.683.jpg,10002,2678,1782432042.683,2026-09-15T12:41:02.944513+00:00,08be03dc6ddf9220e2114b11ff668d8df06ba25e09aea356ca0e721ec31a6f78
images/uav10002_frame00002706_sim1782432043.183.jpg,10002,2706,1782432043.183,2026-09-15T12:41:03.870777+00:00,5f63e5564c53d5f5f2ac9ebc54bfd77d433e79d8c5c8c0b0933bf75102db8f6e
images/uav10002_frame00002734_sim1782432043.683.jpg,10002,2734,1782432043.683,2026-09-15T12:41:04.805663+00:00,6d21723356d8c683ecb8bf4a81f303dd3fb7ddac5ede3ea12bef29f63668cba6
images/uav10002_frame00002763_sim1782432044.200.jpg,10002,2763,1782432044.200,2026-09-15T12:41:05.788741+00:00,c3dfe3a1f4961a63449adddf077df58d7ebe3abdde28a60b0aa42702e9c6b4c8
images/uav10002_frame00002791_sim1782432044.700.jpg,10002,2791,1782432044.700,2026-09-15T12:41:06.712389+00:00,f4e2915ea86c0530043cedc08cad161eeffd8055782f1823788ccc1fcc83bcb6
images/uav10002_frame00002819_sim1782432045.200.jpg,10002,2819,1782432045.200,2026-09-15T12:41:07.637111+00:00,6487ecc8d84b66361fc13faa294380e0f78e86f3e64a44299d589464ccc78837
images/uav10002_frame00002847_sim1782432045.700.jpg,10002,2847,1782432045.700,2026-09-15T12:41:08.565956+00:00,23a82ea5c9018e51e2bbcb4d0b5c53294e79c9019e8fd5a2824ac2736c125ea1
images/uav10002_frame00002876_sim1782432046.217.jpg,10002,2876,1782432046.217,2026-09-15T12:41:09.542912+00:00,04771db3b35a4fa8178ca58a6df8f7d8443e16ebe80cef8c446811b887069c3c
images/uav10002_frame00002905_sim1782432046.750.jpg,10002,2905,1782432046.750,2026-09-15T12:41:10.527232+00:00,40b36e63d86f2c0e4f66a5bd736fea87e1fb5e53f24a1330172917e1fa156219
images/uav10002_frame00002933_sim1782432047.250.jpg,10002,2933,1782432047.250,2026-09-15T12:41:11.459258+00:00,36fe48bffe22105a8346c89b339dc5185fac6a35701303081b1827f0cfaf32f9
images/uav10002_frame00002961_sim1782432047.767.jpg,10002,2961,1782432047.767,2026-09-15T12:41:12.417339+00:00,d912ff0cb997814bb7affa01b1e9e5baf9bd5e5a3ce75a48c0b490d93b00fce0
images/uav10002_frame00002988_sim1782432048.283.jpg,10002,2988,1782432048.283,2026-09-15T12:41:13.350189+00:00,33dc330c21c9cfa64f837a7b2137963d4750e45d8a5a92d4d0b664e584233b3d
images/uav10002_frame00003017_sim1782432048.783.jpg,10002,3017,1782432048.783,2026-09-15T12:41:14.339917+00:00,e88002b089ea014487bc5c4e012c4117872cfdee532d5636ae7e345f938c6f91
images/uav10002_frame00003044_sim1782432049.283.jpg,10002,3044,1782432049.283,2026-09-15T12:41:15.228185+00:00,0093dabe03d2cdf353638aaed87ce95f63d957379ac539367001bc5d7aafc9a1
images/uav10002_frame00003073_sim1782432049.800.jpg,10002,3073,1782432049.800,2026-09-15T12:41:16.172185+00:00,21b597d46dd771015bd02303f4b3c9b853780527af22345ad4a132a7175c4729
images/uav10002_frame00003101_sim1782432050.300.jpg,10002,3101,1782432050.300,2026-09-15T12:41:17.114420+00:00,acbc82f045d94f88f0d15078e80f6c13421dd4bad258aa726cd01ad488fe49d2
images/uav10002_frame00003127_sim1782432050.800.jpg,10002,3127,1782432050.800,2026-09-15T12:41:18.004242+00:00,e3e353658fd2051b8ac57e3554fad8d90d40f67b6b2ab50688568c0775144cf8
images/uav10002_frame00003156_sim1782432051.300.jpg,10002,3156,1782432051.300,2026-09-15T12:41:18.996274+00:00,71a677a36e6ae8d7afde79ecd690d44cfb4f6b6d019791453ee47ade75ddf76e
images/uav10002_frame00003183_sim1782432051.817.jpg,10002,3183,1782432051.817,2026-09-15T12:41:19.891688+00:00,625dfe64b047932ca231dc4f2f84e3b810b4dd47dc42aa2b83c2c409353cc3d1
images/uav10002_frame00003210_sim1782432052.350.jpg,10002,3210,1782432052.350,2026-09-15T12:41:20.899993+00:00,c9d5ef6bc7ed73d877d700c02ae2f8d01eda65f756188e89e81b400fe959a709
images/uav10002_frame00003238_sim1782432052.850.jpg,10002,3238,1782432052.850,2026-09-15T12:41:21.836582+00:00,dd14eb80afc1eded6dfe905a924010cdbd81c3be24be371d3eb8a68185439eb2
images/uav10002_frame00003265_sim1782432053.350.jpg,10002,3265,1782432053.350,2026-09-15T12:41:22.772411+00:00,736b77435141729aa6f81e6237ec8f3d03425aeacee2f272c5bf7c0bd3c07b51
images/uav10002_frame00003293_sim1782432053.867.jpg,10002,3293,1782432053.867,2026-09-15T12:41:23.723534+00:00,001e4fd30430fbf45e0bc0798d1cc4f75fcf8dd736e84a9d00e1a4ff4626ede6
images/uav10002_frame00003320_sim1782432054.367.jpg,10002,3320,1782432054.367,2026-09-15T12:41:24.667982+00:00,ad28efb313a8c5bebea267fbf479deaec3839d8b98223e8f74ad66180aa582ce
images/uav10002_frame00003348_sim1782432054.900.jpg,10002,3348,1782432054.900,2026-09-15T12:41:25.618216+00:00,1ebef2543bc41d2bc8902df79e6a263ad96a46d6e0c5cdc9f268c0c2f2b63f33
images/uav10002_frame00003375_sim1782432055.400.jpg,10002,3375,1782432055.400,2026-09-15T12:41:26.551393+00:00,2222c4e0af05b6f273f6c0b81a671151eb534d350eaa8735427ca274001bbb2d
images/uav10002_frame00003402_sim1782432055.900.jpg,10002,3402,1782432055.900,2026-09-15T12:41:27.489108+00:00,ec833c5cc38e8935462998514472c3158c8159e1ffa8298d48faebe469435318
images/uav10002_frame00003428_sim1782432056.400.jpg,10002,3428,1782432056.400,2026-09-15T12:41:28.435951+00:00,c81998f98683d5a249df1392736e3115505178fb2a6328c58e2c72f3a42df1bd
images/uav10002_frame00003456_sim1782432056.917.jpg,10002,3456,1782432056.917,2026-09-15T12:41:29.381925+00:00,2d94c5f7b4355621eb495814092a7df18faa92cfffdec1bb444cc004f534941b
images/uav10002_frame00003482_sim1782432057.417.jpg,10002,3482,1782432057.417,2026-09-15T12:41:30.328556+00:00,2f676acda4f8a5133f78d4f73f6efb89658fabc56c4380ec3aa555cc76ab5c11
images/uav10002_frame00003510_sim1782432057.933.jpg,10002,3510,1782432057.933,2026-09-15T12:41:31.273320+00:00,2a898981567c3bcc1e5c4584a3ed47dacf5f68fd314f20a31a0b4ca5dc129655
images/uav10002_frame00003536_sim1782432058.433.jpg,10002,3536,1782432058.433,2026-09-15T12:41:32.209139+00:00,82a9046831916f395d0bd552cc82cc0af0f6018a8fe360c7581f0f5da7567e46
images/uav10002_frame00003563_sim1782432058.933.jpg,10002,3563,1782432058.933,2026-09-15T12:41:33.139297+00:00,bce1cc2512c19dff897b41a75177787a82b69a82135eff0a4432861ad8e9d278
images/uav10002_frame00003590_sim1782432059.433.jpg,10002,3590,1782432059.433,2026-09-15T12:41:34.079782+00:00,2fb53cce3331126e33117f9326b5e4c048d1fb6de5efa4d82cca6ea66b71b0b3
images/uav10002_frame00003617_sim1782432059.950.jpg,10002,3617,1782432059.950,2026-09-15T12:41:35.016192+00:00,06078c127d1e37c88a2669dff919ec3777a7fce917baf91378a5299d0746c473
images/uav10002_frame00003644_sim1782432060.450.jpg,10002,3644,1782432060.450,2026-09-15T12:41:35.948208+00:00,8c87014c819f1965606c0a38e1e8ed41ab034899718a1cf274a1288f0bd97c60
images/uav10002_frame00003671_sim1782432060.950.jpg,10002,3671,1782432060.950,2026-09-15T12:41:36.880716+00:00,59e26f02aa7293a453d53477cdf6b0cf12b9ab04aea40b97d30ff15cdf3377e7
images/uav10002_frame00003698_sim1782432061.450.jpg,10002,3698,1782432061.450,2026-09-15T12:41:37.813066+00:00,2bbbee10effc4cc6258178d10307635eda22ff6dcd37a2b9487e7b4896692cae
images/uav10002_frame00003726_sim1782432061.967.jpg,10002,3726,1782432061.967,2026-09-15T12:41:38.785906+00:00,40492802239ef25425bdcdf2e978e5fc63e56d05bf2f9e912f83f2f6c23ec8cc
images/uav10002_frame00003753_sim1782432062.467.jpg,10002,3753,1782432062.467,2026-09-15T12:41:39.703182+00:00,324593067e62509226a1020ef392354731da00b64c9407fae1bcdc32711a4130
images/uav10002_frame00003780_sim1782432062.967.jpg,10002,3780,1782432062.967,2026-09-15T12:41:40.626519+00:00,308906fd03c22dc36df8b85fb132d75daaa70f571c35894d8cb457d373839a29
images/uav10002_frame00003808_sim1782432063.467.jpg,10002,3808,1782432063.467,2026-09-15T12:41:41.603428+00:00,079f7b09ea931aad06161eb7eef42854f76e12d131e42a64359db7e2515a235a
images/uav10002_frame00001021_sim1782432013.483.jpg,10002,1021,1782432013.483,2026-09-15T12:46:01.087056+00:00,96c8660acde5fa719d9eb4bfb7379ebf9f41b4cf6bfcb1454121c5d05fcd90aa
images/uav10002_frame00001050_sim1782432014.017.jpg,10002,1050,1782432014.017,2026-09-15T12:46:02.056858+00:00,8ed1a8256f6a57af84356e36c9128be2f95a7f49a730a5eac38bb2d64b432fa4
images/uav10002_frame00001079_sim1782432014.517.jpg,10002,1079,1782432014.517,2026-09-15T12:46:03.018845+00:00,c88772614496c154dbc2823319df9fd7591d6f7dc1892fba94f2d3b99a153316
images/uav10002_frame00001106_sim1782432015.017.jpg,10002,1106,1782432015.017,2026-09-15T12:46:03.936855+00:00,283a536a56ec5457a611a11ac36ae14bd4c6774480e0d2692d8a86be6ee20988
images/uav10002_frame00001134_sim1782432015.517.jpg,10002,1134,1782432015.517,2026-09-15T12:46:04.850196+00:00,d2a0e08d798d1432111a91381da47feae3913185a81d6852efee7dec4ca556c0
images/uav10002_frame00001162_sim1782432016.017.jpg,10002,1162,1782432016.017,2026-09-15T12:46:05.825324+00:00,c6ee07ec4dd1a6e4644b821bba5fe896f5a6ef40e6428851d9acdc015e31772e
images/uav10002_frame00001191_sim1782432016.533.jpg,10002,1191,1782432016.533,2026-09-15T12:46:06.746113+00:00,c78b054525ac8a9a1053e3bfac6e7380e8cc281d557d2e5e121687a6f9e51119
images/uav10002_frame00001220_sim1782432017.050.jpg,10002,1220,1782432017.050,2026-09-15T12:46:07.719124+00:00,ad374a43691c9a988259aa1bae98980a4bf0a848751eea9d3ab86a1ec9f9358d
images/uav10002_frame00001248_sim1782432017.550.jpg,10002,1248,1782432017.550,2026-09-15T12:46:08.633408+00:00,1cc737e360178d7bb0ba977440935d0ab4df9c30ac42b753b4e1f901a4cc4645
images/uav10002_frame00001277_sim1782432018.067.jpg,10002,1277,1782432018.067,2026-09-15T12:46:09.602574+00:00,cf43878736e4d3d16be76beee501d5c889ec11fbf593f48cf7a4c033534706ef
images/uav10002_frame00001305_sim1782432018.567.jpg,10002,1305,1782432018.567,2026-09-15T12:46:10.575195+00:00,a65ca9dafef2808d5d190c6c231bac05ae275929de1d998308e392279db66a97
images/uav10002_frame00001333_sim1782432019.067.jpg,10002,1333,1782432019.067,2026-09-15T12:46:11.492782+00:00,5d03337fb7ecf88d325a3245ea488f32370503700f974af6deff5b449e8eef02
images/uav10002_frame00001361_sim1782432019.567.jpg,10002,1361,1782432019.567,2026-09-15T12:46:12.407607+00:00,f8bd1ac0aac82da47d3decf310fc34a8001f7aa094491a195e0818ec7a399ca0
images/uav10002_frame00001390_sim1782432020.083.jpg,10002,1390,1782432020.083,2026-09-15T12:46:13.389011+00:00,ba37de69d4601f13b4bdef4099f3c18677e556aa06aa4699fcac29937bcdfe52
images/uav10002_frame00001419_sim1782432020.600.jpg,10002,1419,1782432020.600,2026-09-15T12:46:14.357829+00:00,0e355cb60f1f896b04d748e5b2426abbf2bb9c9c3d6c67d6ec6b0159ea70cf7b
images/uav10002_frame00001447_sim1782432021.100.jpg,10002,1447,1782432021.100,2026-09-15T12:46:15.276019+00:00,d402b63d07577f585373fae7d2b725ddeb7cd03f01321191de793c0deef6d28c
images/uav10002_frame00001476_sim1782432021.633.jpg,10002,1476,1782432021.633,2026-09-15T12:46:16.243238+00:00,12048116d879406417c92272456a21c43381f1a830961e80657c1af3eaf34ee9
images/uav10002_frame00001504_sim1782432022.133.jpg,10002,1504,1782432022.133,2026-09-15T12:46:17.212850+00:00,fa28cdcae829a38981761dbc6f1335588f50b3c16148be37f15930ef13ca1c2f
images/uav10002_frame00001532_sim1782432022.633.jpg,10002,1532,1782432022.633,2026-09-15T12:46:18.127611+00:00,311340af962a8c8846bdef4a04ae76545706b078f7e737744bc8969687e3418c
images/uav10002_frame00001560_sim1782432023.133.jpg,10002,1560,1782432023.133,2026-09-15T12:46:19.040442+00:00,054092c7101af065a5040c2df75289b3e9918c08734783fd9fa4bb0941e3a16c
images/uav10002_frame00001586_sim1782432023.633.jpg,10002,1586,1782432023.633,2026-09-15T12:46:20.009461+00:00,0d4e4896a84754cd2d1d6db3329260cee2149900629860a219fbd0c7db7dff1c
images/uav10002_frame00001616_sim1782432024.167.jpg,10002,1616,1782432024.167,2026-09-15T12:46:20.980740+00:00,07c3743ff50f14ad9aca47fe0b4f638f396f20c8b321ece694c392f107f1ec9f
images/uav10002_frame00001645_sim1782432024.683.jpg,10002,1645,1782432024.683,2026-09-15T12:46:21.951617+00:00,60fed5a32c34648dc40919b4fde7e8b24299b7818ad317b32ccdc4593a15ebeb
images/uav10002_frame00001674_sim1782432025.217.jpg,10002,1674,1782432025.217,2026-09-15T12:46:22.920052+00:00,3450f9c2d5b4445872e78b250dc95a890fbb7356a98d7f041fe6062c529d1847
images/uav10002_frame00001703_sim1782432025.750.jpg,10002,1703,1782432025.750,2026-09-15T12:46:23.936789+00:00,c006c36ecf9bdafcd71c02bd2d4fd041310268a6585e207f2d1c4bff1bedc91d
images/uav10002_frame00001731_sim1782432026.250.jpg,10002,1731,1782432026.250,2026-09-15T12:46:24.848660+00:00,d6971ac610567d879c993cab3b5664232f0ba651fa64f9dc796f87a5633507b7
images/uav10002_frame00001759_sim1782432026.750.jpg,10002,1759,1782432026.750,2026-09-15T12:46:25.813631+00:00,9d7278c43000af2161a732b85ee6988d4b5a3ff65e783870dae919cfbfaf8461
images/uav10002_frame00001788_sim1782432027.250.jpg,10002,1788,1782432027.250,2026-09-15T12:46:26.781430+00:00,cf869899c98465018b4e15f4d3c4fe5e864775652183c7a1926d2a7881b72cce
images/uav10002_frame00001817_sim1782432027.783.jpg,10002,1817,1782432027.783,2026-09-15T12:46:27.745668+00:00,2eadfa0922bf18b05784954936c0f260ea10a8a2a7d738536a14b988e26281f0
images/uav10002_frame00001847_sim1782432028.317.jpg,10002,1847,1782432028.317,2026-09-15T12:46:28.766385+00:00,f83c9ee5a4be8ef797003571cb487047d9178da1002d678b894ca60e9ce8705f
images/uav10002_frame00001874_sim1782432028.817.jpg,10002,1874,1782432028.817,2026-09-15T12:46:29.676831+00:00,76e1e5abd6dc9f9a3bccc5ec3e0b3dcc3aa87b68e28909ef5d9604d6b5f6d5dd
images/uav10002_frame00001901_sim1782432029.317.jpg,10002,1901,1782432029.317,2026-09-15T12:46:30.642656+00:00,e89631a7ff42d5584245d796fa4d1e8c4f7004cab246d3004713e22561312eda
images/uav10002_frame00001928_sim1782432029.817.jpg,10002,1928,1782432029.817,2026-09-15T12:46:31.556383+00:00,68700df8633d77682e356ab77345e81b983843e69e3c51000e4504280941e6c5
images/uav10002_frame00001958_sim1782432030.383.jpg,10002,1958,1782432030.383,2026-09-15T12:46:32.578191+00:00,31cc7d7edf07db748864028cdfdb573789547f945e63e0fae5e343ba822da8c8
images/uav10002_frame00001986_sim1782432030.900.jpg,10002,1986,1782432030.900,2026-09-15T12:46:33.547859+00:00,4af81993968fcdd2aef3fe463961d5b26b07cb4551cd55fa228e706284590160
images/uav10002_frame00002015_sim1782432031.417.jpg,10002,2015,1782432031.417,2026-09-15T12:46:34.511812+00:00,acd4d0eb991becfbab5d663fb4a905a51c1aa414517fb2943b93a3de4e3bd068
images/uav10002_frame00002043_sim1782432031.950.jpg,10002,2043,1782432031.950,2026-09-15T12:46:35.478781+00:00,8aad38ac3fb86632596629355e585d5b4c98f6675b23785327d8a5502314c6d7
images/uav10002_frame00002070_sim1782432032.450.jpg,10002,2070,1782432032.450,2026-09-15T12:46:36.445444+00:00,f24e03f880e9a29a187ccbc6d66b45b94dd4c13b4d25b45d538a857d78ba6201
images/uav10002_frame00002097_sim1782432032.967.jpg,10002,2097,1782432032.967,2026-09-15T12:46:37.410421+00:00,5ac1b168bb17ba5e771f66b4a59efd481177e4d7f5ca227750424ca7cf312431
images/uav10002_frame00002122_sim1782432033.467.jpg,10002,2122,1782432033.467,2026-09-15T12:46:38.321661+00:00,439580405a4fd9748affe562cda57d65403d92d84b1bf69c2b5778fccde70dd7
images/uav10002_frame00002147_sim1782432033.967.jpg,10002,2147,1782432033.967,2026-09-15T12:46:39.238411+00:00,b33eed5d4f30d0a5b9cbdbd765827cbd4c0f470824c472377971354958d120c9
images/uav10002_frame00002173_sim1782432034.467.jpg,10002,2173,1782432034.467,2026-09-15T12:46:40.152551+00:00,f0d7b3cd499abfedbf943936317e9498d84dd4cc3965750bbc1ae19ff6d170f4
images/uav10002_frame00002199_sim1782432034.983.jpg,10002,2199,1782432034.983,2026-09-15T12:46:41.117722+00:00,d5d19a77979ca5bce445f237cbf7736d7ef351c66f5f1c11d31723affee6501c
images/uav10002_frame00002225_sim1782432035.483.jpg,10002,2225,1782432035.483,2026-09-15T12:46:42.085608+00:00,eb455a5c460e04394158acd56942935bf1fcaab1cbd8c3ccd140c73e2bd3e21c
images/uav10002_frame00002252_sim1782432036.017.jpg,10002,2252,1782432036.017,2026-09-15T12:46:43.050065+00:00,ee74c63ed1c23686719d84fe4efe9455df5702c73b85a3854f41db1180628fd5
images/uav10002_frame00002277_sim1782432036.517.jpg,10002,2277,1782432036.517,2026-09-15T12:46:43.967717+00:00,5aa37c68e1100152c45f784d9580eaa28cb6db1a4783f997e4b9e26094414b1d
images/uav10002_frame00002304_sim1782432037.017.jpg,10002,2304,1782432037.017,2026-09-15T12:46:44.940205+00:00,93dd3ab81601b0adfb90dd2a882ade5ca996272b472ab354dd0832ed9f67496b
images/uav10002_frame00002331_sim1782432037.517.jpg,10002,2331,1782432037.517,2026-09-15T12:46:45.849096+00:00,699672b7ac318d74fabcc543df199ecc1be3319f9f269c5eb50a8db08f851076
images/uav10002_frame00002355_sim1782432038.017.jpg,10002,2355,1782432038.017,2026-09-15T12:46:46.760645+00:00,28d3d434547da62ac5bb86e7cdbc91e2c85978b8e20b75ac15be025993898711
images/uav10002_frame00002382_sim1782432038.517.jpg,10002,2382,1782432038.517,2026-09-15T12:46:47.732193+00:00,9311aef51d9d73bc78a4ae374091809e129e05b5444b4e78ba488bc6d45d00ea
images/uav10002_frame00002410_sim1782432039.033.jpg,10002,2410,1782432039.033,2026-09-15T12:46:48.698968+00:00,6de1b1a3b35b576ad5cff1e8826fcaaf720f58d115fa5ef38f58c0ad49f93d48
images/uav10002_frame00002436_sim1782432039.533.jpg,10002,2436,1782432039.533,2026-09-15T12:46:49.614679+00:00,a8d66d9a81650720500be20f233e121f191e78f9c4ef86fe5ca81ae9da8ee193
images/uav10002_frame00002461_sim1782432040.033.jpg,10002,2461,1782432040.033,2026-09-15T12:46:50.580289+00:00,e1c0c7a352ccd9bae407fcb9ae15a2c22cc91d25b52ffc924ad30f94d6c6f582
images/uav10002_frame00002486_sim1782432040.533.jpg,10002,2486,1782432040.533,2026-09-15T12:46:51.488466+00:00,767cf3c8d87bd652aeb318ae77cea130f9016ab28fc7cf818186febd6ac69ebc
images/uav10002_frame00002511_sim1782432041.050.jpg,10002,2511,1782432041.050,2026-09-15T12:46:52.399517+00:00,bf7c510dffcd6d3496c1d370f2bb4671b3d2d86737361f884a38006cab1e303b
images/uav10002_frame00002539_sim1782432041.583.jpg,10002,2539,1782432041.583,2026-09-15T12:46:53.420889+00:00,f59e92fe5d37246134d832febde720b52316ff7b7645c675dd569f301c20da81
images/uav10002_frame00002564_sim1782432042.083.jpg,10002,2564,1782432042.083,2026-09-15T12:46:54.385041+00:00,e2c9e60e7a9dfc6ff4c0f7659e377743baa50a547ab1c667b5cab1e58d1ed3e8
images/uav10002_frame00002589_sim1782432042.583.jpg,10002,2589,1782432042.583,2026-09-15T12:46:55.296219+00:00,523747a195b71143b1a4b9054a9432fe91ef18169110fe794c4191d6d2a01a6e
images/uav10002_frame00002615_sim1782432043.083.jpg,10002,2615,1782432043.083,2026-09-15T12:46:56.262972+00:00,3db37302cdcd3d88018899f6f4d417aa362322f2496f79678a407f40f2226fdd
images/uav10002_frame00002640_sim1782432043.583.jpg,10002,2640,1782432043.583,2026-09-15T12:46:57.174289+00:00,51e759760b0795d10c9ee26b57d135ce0cdbfa97d03feb8817d9b5cf686720a0
images/uav10002_frame00002665_sim1782432044.083.jpg,10002,2665,1782432044.083,2026-09-15T12:46:58.084323+00:00,138fec70af381c92a72a6b6c91eabd68beeb8c2ac209872d959c8cf598e52878
images/uav10002_frame00002689_sim1782432044.583.jpg,10002,2689,1782432044.583,2026-09-15T12:46:59.045000+00:00,a7bfff174236fdd8953315dc03d32bb4e247a856a4c31c64e162a69149ad7c4c
images/uav10002_frame00002716_sim1782432045.083.jpg,10002,2716,1782432045.083,2026-09-15T12:46:59.959135+00:00,848c06e7f2c0960b7f50c5140888382f880768616fbb4332a337d21f31ab60d4
images/uav10002_frame00002741_sim1782432045.583.jpg,10002,2741,1782432045.583,2026-09-15T12:47:00.871497+00:00,ba03d5e629e8f7750f925c068d45e86a8a441c267b8dd99de363731b5ef9cd6c
images/uav10002_frame00002768_sim1782432046.083.jpg,10002,2768,1782432046.083,2026-09-15T12:47:01.835757+00:00,c18509f0d836c22f16f7fa5591e564d03631436fb69fe6fbf12ec0a777130fcc
images/uav10002_frame00002795_sim1782432046.617.jpg,10002,2795,1782432046.617,2026-09-15T12:47:02.799947+00:00,85dbfeb513f1713eb2aa570667e4696c028b5d9b339abf0064ce6e3ffbef36ef
images/uav10002_frame00002822_sim1782432047.117.jpg,10002,2822,1782432047.117,2026-09-15T12:47:03.761255+00:00,3679d7d6d82710a0766c8a2e3da6751d2c8a35c033fc7fb18c308e71799079d6
images/uav10002_frame00002848_sim1782432047.633.jpg,10002,2848,1782432047.633,2026-09-15T12:47:04.727212+00:00,83d3ca4c5e4d8aecf7fd6c7b96e1c1aac085a09501777487438959f5cf985a72
images/uav10002_frame00002874_sim1782432048.133.jpg,10002,2874,1782432048.133,2026-09-15T12:47:05.641572+00:00,2eb367acb6008fe2d60cfc56503bf2eec4706c524f6cab72b6e365cbd415f54c
images/uav10002_frame00002900_sim1782432048.633.jpg,10002,2900,1782432048.633,2026-09-15T12:47:06.556351+00:00,b41ec47fd0e51383cc13a21de5353551929e1d4ecd2478962eeb248a39c752a3
images/uav10002_frame00002926_sim1782432049.133.jpg,10002,2926,1782432049.133,2026-09-15T12:47:07.520268+00:00,02fb5bbd2a18d7cbabdb1d97b2407d10d3124ca693aaaf2dac86fcfce0cb85e3
images/uav10002_frame00002952_sim1782432049.650.jpg,10002,2952,1782432049.650,2026-09-15T12:47:08.486713+00:00,f09c1f14cd6da9c0293846e288c32a7128e6a0b6ca21de55d40477b67d46f2e3
images/uav10002_frame00002981_sim1782432050.183.jpg,10002,2981,1782432050.183,2026-09-15T12:47:09.454591+00:00,0782607a275c38f89f65c1654791a5519b0ca6a585a6fbe6f7e023596ca40034
images/uav10002_frame00003007_sim1782432050.700.jpg,10002,3007,1782432050.700,2026-09-15T12:47:10.418486+00:00,c56c6ce0000f4932b435b1751f3299cfc48e1fb3ad628f1506cc900de0f61d69
images/uav10002_frame00003032_sim1782432051.217.jpg,10002,3032,1782432051.217,2026-09-15T12:47:11.384302+00:00,454aaa68e6b4277650d23d7d38eafb7ab34666333d682a6723b35160efa7fce8
images/uav10002_frame00003058_sim1782432051.717.jpg,10002,3058,1782432051.717,2026-09-15T12:47:12.354224+00:00,7b249bb986cb77afaea9b2092f5d57ccfae1675eb0fdaba4213ab5a4ead02e10
images/uav10002_frame00003085_sim1782432052.233.jpg,10002,3085,1782432052.233,2026-09-15T12:47:13.266917+00:00,cc76cbdddd7ad001b6f8c57161bb8cfef751e42b87941db0f8355b99d0cca4da
images/uav10002_frame00003111_sim1782432052.733.jpg,10002,3111,1782432052.733,2026-09-15T12:47:14.231530+00:00,c5ad1879677241057a1b7020a395de7f2a1ea2e12e55090284ae844a7821f838
images/uav10002_frame00003137_sim1782432053.233.jpg,10002,3137,1782432053.233,2026-09-15T12:47:15.141522+00:00,1ee73e0e4f301ae8b481edc4a0bba083ba0ca00675cfdcb051e9b55c6feeaf7f
images/uav10002_frame00003165_sim1782432053.750.jpg,10002,3165,1782432053.750,2026-09-15T12:47:16.110427+00:00,256b595f26089f606f1238d3cb11d5c429ef78cc01cffd2e66113aa2c745ec4d
images/uav10002_frame00003191_sim1782432054.250.jpg,10002,3191,1782432054.250,2026-09-15T12:47:17.018681+00:00,e3091edb0b0c578111e6c0ad5ecb23171b2266215e3216b98a6e1c75b374f1ad
images/uav10002_frame00003219_sim1782432054.767.jpg,10002,3219,1782432054.767,2026-09-15T12:47:17.983631+00:00,339ce732e70b11539f5d44a7364f1ee890e318044918798d6c5fbed6d9bfb31e
images/uav10002_frame00003246_sim1782432055.267.jpg,10002,3246,1782432055.267,2026-09-15T12:47:18.948124+00:00,901b789b3834a0648a310072341fe27fd14a4efddfe68cd33d55773cefb0cfa2
images/uav10002_frame00003271_sim1782432055.767.jpg,10002,3271,1782432055.767,2026-09-15T12:47:19.860875+00:00,de2e96dbf39a1ba2e61585320cedecfd22820dc9f564756f991f4378832e1dc1
images/uav10002_frame00003297_sim1782432056.283.jpg,10002,3297,1782432056.283,2026-09-15T12:47:20.876249+00:00,b474e761d2e5504a66cff3c63c950b7eb15893a05555063551857637455d50fb
images/uav10002_frame00003325_sim1782432056.800.jpg,10002,3325,1782432056.800,2026-09-15T12:47:21.842207+00:00,8a31f706ab6e657825940e611f6809b8aa9949b9d3ec6f54b2b11e58617d45d1
images/uav10002_frame00003353_sim1782432057.333.jpg,10002,3353,1782432057.333,2026-09-15T12:47:22.808095+00:00,cb2485bfd603de86f3f5e7930261a7edf0e72fd868529438a57b2d5b4199b946
images/uav10002_frame00003379_sim1782432057.833.jpg,10002,3379,1782432057.833,2026-09-15T12:47:23.717696+00:00,5363abe3f7d01e4c5e595c028a0aa6d20b081991806879712e40078d63582d26
images/uav10002_frame00003407_sim1782432058.333.jpg,10002,3407,1782432058.333,2026-09-15T12:47:24.682973+00:00,9acb88b922ff88fe4ce12fe0617071179f7fc7190988444a6066dd79497c23f6
images/uav10002_frame00003433_sim1782432058.833.jpg,10002,3433,1782432058.833,2026-09-15T12:47:25.593324+00:00,a438c3f161ba264adf809e0d9bf0f5920a493641e5a32bc8165f25dfad3170a8
images/uav10002_frame00003461_sim1782432059.350.jpg,10002,3461,1782432059.350,2026-09-15T12:47:26.558456+00:00,3cd8fdcd38a21fa4d5bdeaceb6e94293870868248c03416211a3d232ee1cab4b
images/uav10002_frame00003488_sim1782432059.883.jpg,10002,3488,1782432059.883,2026-09-15T12:47:27.525040+00:00,5364dad5393478917a0d914be3ead0ed65237f6807e56c2c83ff74af12ddd61a
images/uav10002_frame00003516_sim1782432060.417.jpg,10002,3516,1782432060.417,2026-09-15T12:47:28.540803+00:00,061e375142989d764397823e63abfead1f49c89b7ee87388519fbef9a6341308
images/uav10002_frame00003543_sim1782432060.933.jpg,10002,3543,1782432060.933,2026-09-15T12:47:29.564146+00:00,cc7b5de03641a62ab61c476574d9b592eae969b4696b84de3b76101c5cdadb65
images/uav10002_frame00003571_sim1782432061.467.jpg,10002,3571,1782432061.467,2026-09-15T12:47:30.530171+00:00,314b31e8cff61f389b85a9eecb1bb6b037a729ea9146b0d11415be3c8606f4db
images/uav10002_frame00003597_sim1782432061.967.jpg,10002,3597,1782432061.967,2026-09-15T12:47:31.445111+00:00,18115ef22b599afd6f5a62431e11777455b17508c97c4bb405636e2b566a2d39
images/uav10002_frame00003624_sim1782432062.500.jpg,10002,3624,1782432062.500,2026-09-15T12:47:32.411619+00:00,ba5dc8c8d1ef342b7e34259968f759b39be176051f087d01312e01d5a374c785
images/uav10002_frame00003651_sim1782432063.000.jpg,10002,3651,1782432063.000,2026-09-15T12:47:33.376265+00:00,2f2e45441d1f2087efa9e39ded378075a3f98a83d622d805980495074a3b4594
images/uav10002_frame00003677_sim1782432063.500.jpg,10002,3677,1782432063.500,2026-09-15T12:47:34.291072+00:00,9e33082af3333e001ec9ef881c25feef5f3cfc856c52a52bede3366777ac7d8a
images/uav10002_frame00003703_sim1782432064.000.jpg,10002,3703,1782432064.000,2026-09-15T12:47:35.258254+00:00,b08ac56cc185d8aadbe6a78e4e245bfd7233bef84e636dc31a10b93f6daea680
images/uav10002_frame00003732_sim1782432064.517.jpg,10002,3732,1782432064.517,2026-09-15T12:47:36.223517+00:00,7dad03d4f6d52abea47cbfbdaca93eedca9a7abcc0220df961c2dc10f75fae51
images/uav10002_frame00003757_sim1782432065.017.jpg,10002,3757,1782432065.017,2026-09-15T12:47:37.128475+00:00,634afc677d08c740fedf72dc5dc22e2a7570f49dbcb87729fc171472835b18bd
images/uav10002_frame00003784_sim1782432065.533.jpg,10002,3784,1782432065.533,2026-09-15T12:47:38.094761+00:00,cc075531cf97000980e7e1242d53786f3924a3955a369bbb93b5c3f6f1235122
images/uav10002_frame00003812_sim1782432066.050.jpg,10002,3812,1782432066.050,2026-09-15T12:47:39.058286+00:00,597cb81666277301d3d1ea727e4ba829239475ec45516dd88d8d4832e30f4e2f
images/uav10002_frame00003841_sim1782432066.583.jpg,10002,3841,1782432066.583,2026-09-15T12:47:40.021128+00:00,2609e7dcc60729f1d482fde1e1f45ab3849a99f05bde4b1bee8c9b8ce059e8d9
images/uav10002_frame00003867_sim1782432067.083.jpg,10002,3867,1782432067.083,2026-09-15T12:47:40.985465+00:00,21d5ba7691ebe96368476dffee5e63cb353e7d7899bffcbca556e717d7e1b2f1
images/uav10002_frame00003894_sim1782432067.583.jpg,10002,3894,1782432067.583,2026-09-15T12:47:41.948403+00:00,58858844c0d11a78a5713aa190db088aca9dea8479c6f09929c7c753f727a5fd
images/uav10002_frame00003919_sim1782432068.083.jpg,10002,3919,1782432068.083,2026-09-15T12:47:42.856838+00:00,900b22aa11e1afc34a62b9c5b16b23ff4b34951ece5c2f7a0030fa9f2ca2ce4a
images/uav10002_frame00003945_sim1782432068.600.jpg,10002,3945,1782432068.600,2026-09-15T12:47:43.816177+00:00,9e74f4e62b71b45626c8eea112c4dc24e524966b5a42223b0da6e041b7d623ea
images/uav10002_frame00003972_sim1782432069.117.jpg,10002,3972,1782432069.117,2026-09-15T12:47:44.780995+00:00,79b811c6e62381e61ad6970a6756db02c4a23b183c7557a9366589f2b2176acf
images/uav10002_frame00003998_sim1782432069.617.jpg,10002,3998,1782432069.617,2026-09-15T12:47:45.740396+00:00,7005df96d5d59ce55ef58e73ad60df305c79b263a8bae5354b3cedb0756be002
images/uav10002_frame00004026_sim1782432070.150.jpg,10002,4026,1782432070.150,2026-09-15T12:47:46.700129+00:00,bbcf44f44d11e3821d98a938649704457a4a542656d3af18e142027fb21d6869
images/uav10002_frame00004054_sim1782432070.683.jpg,10002,4054,1782432070.683,2026-09-15T12:47:47.715449+00:00,1a26f37293ed155321b6021747f7181a075a91a0651949cf1c693f828426d101
images/uav10002_frame00004081_sim1782432071.183.jpg,10002,4081,1782432071.183,2026-09-15T12:47:48.678308+00:00,0050da0a12838ad76846d047f9089f831628e4efe4fb2864956058cedb24666f
images/uav10002_frame00004105_sim1782432071.683.jpg,10002,4105,1782432071.683,2026-09-15T12:47:49.583227+00:00,786e3d40ba37c88723e19a6cbcfb3302fec9a2d36d8e981a19ce0599f63894b8
images/uav10002_frame00004131_sim1782432072.183.jpg,10002,4131,1782432072.183,2026-09-15T12:47:50.541241+00:00,0b8473bc2d8b69cf35295165f825f29c07d8da9330738bd047887b396fad3366
images/uav10002_frame00004160_sim1782432072.700.jpg,10002,4160,1782432072.700,2026-09-15T12:47:51.504834+00:00,12c59636dc7b0088d3dc4c01b14e188403867d3c809a6b73fb8e8450e0c83345
images/uav10002_frame00004187_sim1782432073.200.jpg,10002,4187,1782432073.200,2026-09-15T12:47:52.411164+00:00,77427fdb7e7abf5ecde7f79242c751a9fbc9147470fa65780c9c96cd79ea6533
images/uav10002_frame00004213_sim1782432073.700.jpg,10002,4213,1782432073.700,2026-09-15T12:47:53.373253+00:00,c7cadf4f3d2c1bbc72ef6cc519a4f2b96ade838c578ba7ffe3af37458fdd2f3c
images/uav10002_frame00004238_sim1782432074.217.jpg,10002,4238,1782432074.217,2026-09-15T12:47:54.280428+00:00,f1acb8664e97082e3aff7fa69e445f88816a3c34cda39a52c386c94a9fafe0dd
images/uav10002_frame00004264_sim1782432074.733.jpg,10002,4264,1782432074.733,2026-09-15T12:47:55.292554+00:00,f3d5efc62e076a8691273e7dc4d3b7df2007a79a172b2c8b0dc0b2d5ace9d629
images/uav10002_frame00004290_sim1782432075.250.jpg,10002,4290,1782432075.250,2026-09-15T12:47:56.255545+00:00,55284fc1399afa75edaae82eed1036f3e19c3aaaa917813a372cfc0e1e6f1ef8
images/uav10002_frame00004314_sim1782432075.750.jpg,10002,4314,1782432075.750,2026-09-15T12:47:57.162418+00:00,eaf9e5d2f74d77271d539c485fcca27588409c5311222bc7520d835ba4ecf7d2
images/uav10002_frame00004340_sim1782432076.267.jpg,10002,4340,1782432076.267,2026-09-15T12:47:58.126496+00:00,62dbc3f41b5ae1da8b709cabd3ca1503fe8a6bc1da99ce3f8b8854a0b92964be
images/uav10002_frame00004365_sim1782432076.767.jpg,10002,4365,1782432076.767,2026-09-15T12:47:59.033478+00:00,8b42771f6cd2b759ee96713e398d0795ae936f1e168c55c75f2cfafed8a7f6fe
images/uav10002_frame00004389_sim1782432077.267.jpg,10002,4389,1782432077.267,2026-09-15T12:48:00.047920+00:00,983b37d1f03d2636323efecb93657364aa078064505c53462cb12ba1c1746abc
images/uav10002_frame00004412_sim1782432077.767.jpg,10002,4412,1782432077.767,2026-09-15T12:48:00.897822+00:00,5bfdbd302a86bd93e3c3a0fb49d08003020eaffdc014606f7703332283a75978
images/uav10002_frame00004441_sim1782432078.283.jpg,10002,4441,1782432078.283,2026-09-15T12:48:01.962363+00:00,0da29d7c385fba5d68aa2267539a8f687a5a5efe1ec629e1091a3ee4043b5f2e
images/uav10002_frame00004462_sim1782432078.817.jpg,10002,4462,1782432078.817,2026-09-15T12:48:02.918928+00:00,ec8683238565677ee55d1759df01670659d3053f705fbdddaa170ed80ebecc74
images/uav10002_frame00004489_sim1782432079.333.jpg,10002,4489,1782432079.333,2026-09-15T12:48:03.824278+00:00,6c5a0cfe50b83abb3881719eff9423a4868fcd4debb2a53c7623b8a79f975a0f
images/uav10002_frame00004515_sim1782432079.850.jpg,10002,4515,1782432079.850,2026-09-15T12:48:04.790718+00:00,dbf135da2557cb35930094c2afc7e53f964e55d0344cf26233e443d18d110a20
images/uav10002_frame00004540_sim1782432080.367.jpg,10002,4540,1782432080.367,2026-09-15T12:48:05.800864+00:00,d5255844905a08bd1df33fdffe516c387950121a8a655d57c60028c80d76bbfd
images/uav10002_frame00004566_sim1782432080.883.jpg,10002,4566,1782432080.883,2026-09-15T12:48:06.764175+00:00,83ee86895306a8c00780a2d959b0413d4b8480472e599857c98ea66dd7624c41
images/uav10002_frame00004593_sim1782432081.383.jpg,10002,4593,1782432081.383,2026-09-15T12:48:07.726149+00:00,cea6d70d6e7110465cc0a5549163974ffd462bdf1fff1ca1d5782b52dcbe4742
images/uav10002_frame00004619_sim1782432081.900.jpg,10002,4619,1782432081.900,2026-09-15T12:48:08.637283+00:00,6284ec314e599097189e9c43c81cc5c2ec88918e649ba0c289284988edab944a
images/uav10002_frame00004648_sim1782432082.433.jpg,10002,4648,1782432082.433,2026-09-15T12:48:09.652084+00:00,17b5dd6eeb3009fd0dfad2a6f3db00f835dec516f2033e015711d89c5a96c839
images/uav10002_frame00004673_sim1782432082.950.jpg,10002,4673,1782432082.950,2026-09-15T12:48:10.611229+00:00,21bde019d9851f75487d8c2cb78361aa5fe5acf4833dcb456b17dfb852437769
images/uav10002_frame00004698_sim1782432083.467.jpg,10002,4698,1782432083.467,2026-09-15T12:48:11.574076+00:00,66f5950dabc43ef5508898a9febac3836a123e2f0c0cbc2346f9feae7007f541
images/uav10002_frame00004724_sim1782432083.983.jpg,10002,4724,1782432083.983,2026-09-15T12:48:12.536794+00:00,f6659b38b6c985c10a11e1a0b3f90adc31f1307a4b1a7a4b361cfde5698e2d4d
images/uav10002_frame00004749_sim1782432084.500.jpg,10002,4749,1782432084.500,2026-09-15T12:48:13.499089+00:00,927cec5415cd78eba0e84bdbcdfb00620c6c38e30c56a1dc600b8cfc4bfb3433
images/uav10002_frame00004775_sim1782432085.017.jpg,10002,4775,1782432085.017,2026-09-15T12:48:14.459084+00:00,70643f02392d4f0923a8ccad59f21b7c53c836591c58d462e453fbb8e696d1a6
images/uav10002_frame00004801_sim1782432085.517.jpg,10002,4801,1782432085.517,2026-09-15T12:48:15.366610+00:00,8624a3dbff945b508e38b8ef71902b7f2a97e24711340c653c83d3d444b716bd
images/uav10002_frame00004827_sim1782432086.033.jpg,10002,4827,1782432086.033,2026-09-15T12:48:16.325980+00:00,40cda503cda03a2b6ac1cbf85f2c412e9931985f168632e32bd2ed6c1a4d13c0
images/uav10002_frame00004852_sim1782432086.533.jpg,10002,4852,1782432086.533,2026-09-15T12:48:17.285661+00:00,cb8354c472bf53f7e9f8ec02f01de069973a778432fad2a510621c92f1759699
images/uav10002_frame00004878_sim1782432087.033.jpg,10002,4878,1782432087.033,2026-09-15T12:48:18.194905+00:00,8308e828890efaa5cd49411f5750a44fae6c6823d087a74f347fb166462bf19a
images/uav10002_frame00004905_sim1782432087.550.jpg,10002,4905,1782432087.550,2026-09-15T12:48:19.154818+00:00,e8842adadb2a845ce0c9e81011b56f5ec4dc42849b5feaf149abb8badb74bd3f
images/uav10002_frame00004931_sim1782432088.067.jpg,10002,4931,1782432088.067,2026-09-15T12:48:20.116095+00:00,3b18f340f4623f7352ba61164efe0c9f732468ace9928b057f2a9c83ecc4bab6
images/uav10002_frame00004957_sim1782432088.583.jpg,10002,4957,1782432088.583,2026-09-15T12:48:21.079043+00:00,e3ebedd857e29827d60c852c42e1b3d7b5c7c7609345018d609118e064717db7
images/uav10002_frame00004984_sim1782432089.083.jpg,10002,4984,1782432089.083,2026-09-15T12:48:22.041577+00:00,b80d485269a6d097503e22fb7245450454399ae57ec05e5ea0c614352791468f
images/uav10002_frame00005009_sim1782432089.583.jpg,10002,5009,1782432089.583,2026-09-15T12:48:23.004880+00:00,a4916f75a053f16f3f3aaba2d709340b1e3a2c34486d0fe8b7af21743a2e244e
images/uav10002_frame00005036_sim1782432090.117.jpg,10002,5036,1782432090.117,2026-09-15T12:48:23.914271+00:00,30dbacc588a652c5a2902497f6911809b438238d7bdde5e18e5367b6783b363c
images/uav10002_frame00005064_sim1782432090.650.jpg,10002,5064,1782432090.650,2026-09-15T12:48:24.927405+00:00,db709ed227c19ceb8f7bd5032fce5d37cc491557b2cce02785a443df9fe3c459
images/uav10002_frame00005089_sim1782432091.150.jpg,10002,5089,1782432091.150,2026-09-15T12:48:25.836292+00:00,035efe4608021f1544801ba97bcc4be5e82c0687f92a79a192831377e13a8e80
images/uav10002_frame00005116_sim1782432091.650.jpg,10002,5116,1782432091.650,2026-09-15T12:48:26.796601+00:00,a75a318d324d36c784cdd195f1ea474cd5951f699629e7b2bea7ce84b447dc70
images/uav10002_frame00005143_sim1782432092.150.jpg,10002,5143,1782432092.150,2026-09-15T12:48:27.758559+00:00,62eb88918ab6fc495d23ce5393619c62966dc93ef51b679291038cdb10068d4d
images/uav10002_frame00005170_sim1782432092.683.jpg,10002,5170,1782432092.683,2026-09-15T12:48:28.722206+00:00,5db736de2b87b75bec5aeef7b19b6bd65a6963c3730d8dfe851d0281f6595956
images/uav10002_frame00005196_sim1782432093.200.jpg,10002,5196,1782432093.200,2026-09-15T12:48:29.683726+00:00,112e24094cb7349189bf782328240380ce5707c20ec74cc8f883c0d2b0ee78aa
images/uav10002_frame00005223_sim1782432093.717.jpg,10002,5223,1782432093.717,2026-09-15T12:48:30.649656+00:00,605f79ddb35bae9d3ad09e018bbbc3a0d2d2e9044809c92baf77307fce29ab48
images/uav10002_frame00005249_sim1782432094.217.jpg,10002,5249,1782432094.217,2026-09-15T12:48:31.608501+00:00,d122bc13f69906ccd4fe93c27e744ac412e5d7777943e89203977a54053a39a7
images/uav10002_frame00005276_sim1782432094.717.jpg,10002,5276,1782432094.717,2026-09-15T12:48:32.517100+00:00,a70ddca879a08921262b4f65fd6b152c7f77f5d7892391d11cf92dff049d7d37
images/uav10002_frame00005304_sim1782432095.233.jpg,10002,5304,1782432095.233,2026-09-15T12:48:33.480574+00:00,053e71db74ba028cf57cb357e41d3ff2a545a5dd097da606c8273f3bb4c145bc
images/uav10002_frame00005333_sim1782432095.767.jpg,10002,5333,1782432095.767,2026-09-15T12:48:34.505054+00:00,0439e09e1de9c63fea4b43e1eb9ed83df263ddff0d03193b45fb86c2cc0741b5
images/uav10002_frame00005360_sim1782432096.267.jpg,10002,5360,1782432096.267,2026-09-15T12:48:35.413570+00:00,9ba4fd64d2a0eb4dd3f789babd2f4b92c97be44364d5196c7f7b1632f26b4d4c
images/uav10002_frame00005388_sim1782432096.783.jpg,10002,5388,1782432096.783,2026-09-15T12:48:36.376515+00:00,a1bb49aa7720059b6cc018991cb2fc85754d717e29d7b8a46782fb90806721c3
images/uav10002_frame00005414_sim1782432097.283.jpg,10002,5414,1782432097.283,2026-09-15T12:48:37.338008+00:00,9f5856e4aaf6bd9d83cd8646d41fe4e00281d48a71934a336a9483d6940bd627
images/uav10002_frame00005440_sim1782432097.783.jpg,10002,5440,1782432097.783,2026-09-15T12:48:38.246309+00:00,724b4dacd2754d260128d8511776997499d01abc16d131731b55ec347ce495d8
images/uav10002_frame00005468_sim1782432098.283.jpg,10002,5468,1782432098.283,2026-09-15T12:48:39.205537+00:00,6d97e72316d61a69594de54bd9b3b42c8beca64718db301e83af755bb199a296
images/uav10002_frame00005495_sim1782432098.783.jpg,10002,5495,1782432098.783,2026-09-15T12:48:40.116106+00:00,4d0196221db846b64494d681e4d515f801fc6f489e92a681c903bc9bec526fc2
images/uav10002_frame00005521_sim1782432099.283.jpg,10002,5521,1782432099.283,2026-09-15T12:48:41.025538+00:00,52f20be1241881ab832c3e57103a3287dee66f9efc02dfaab0077d38a79ce215
images/uav10002_frame00005549_sim1782432099.783.jpg,10002,5549,1782432099.783,2026-09-15T12:48:41.984596+00:00,4f33491719aa5a6ee64db9b79c69d2092afd4b017355660e24c3d9a2ea8d5083
images/uav10002_frame00005578_sim1782432100.300.jpg,10002,5578,1782432100.300,2026-09-15T12:48:42.942193+00:00,779cc2e62deee2b1624d1f8e50c5aead59a0b47975928dcfc8beafb7f039cb6a
images/uav10002_frame00005608_sim1782432100.833.jpg,10002,5608,1782432100.833,2026-09-15T12:48:43.953055+00:00,b93f75e6f36bd5d7d61c497b4ea68dca7a498ec06a6ad0a6d8ccaab382b25fc9
images/uav10002_frame00005636_sim1782432101.350.jpg,10002,5636,1782432101.350,2026-09-15T12:48:44.914061+00:00,89f38d374a56ec8f93e54c400cadb0eef8d4edf3427f27b04d22440c3fbe1864
images/uav10002_frame00005665_sim1782432101.867.jpg,10002,5665,1782432101.867,2026-09-15T12:48:45.872615+00:00,c3d7351dc6e8d3e8d15ccf8ff69b5989c2de317d4833207f298ffef845ac4e6e
images/uav10002_frame00005692_sim1782432102.367.jpg,10002,5692,1782432102.367,2026-09-15T12:48:46.776755+00:00,8bd2534b1fbab08b4d04bca2fdfc8be686f5aa575a6f401e371eb3e3d12f4580
images/uav10002_frame00005721_sim1782432102.867.jpg,10002,5721,1782432102.867,2026-09-15T12:48:47.733072+00:00,87b230fb9d5983766ce3fdf527dff885b63430df2035d403225ea7e44c48f78d
images/uav10002_frame00005749_sim1782432103.367.jpg,10002,5749,1782432103.367,2026-09-15T12:48:48.686985+00:00,c79df1dfd29bd03f1a2401ab40b6a88e31979b35e38187fdb2f49d5eca1cb740
images/uav10002_frame00005777_sim1782432103.867.jpg,10002,5777,1782432103.867,2026-09-15T12:48:49.590462+00:00,a0a10bb4ab8bfa77a4d20e7d9a2e7721935ae8e99b599743c0667a6de52a9af0
images/uav10002_frame00005803_sim1782432104.367.jpg,10002,5803,1782432104.367,2026-09-15T12:48:50.545668+00:00,3cbbd71bab0c254b36ee499abd553a0fe26c717212cd85480d5c7bcaaa0f6908
images/uav10002_frame00005832_sim1782432104.883.jpg,10002,5832,1782432104.883,2026-09-15T12:48:51.499069+00:00,aa21f04cb1debff2f6e0b0d559c5598ff334f8e8f0a41f887bbf46179335758c
images/uav10002_frame00005860_sim1782432105.383.jpg,10002,5860,1782432105.383,2026-09-15T12:48:52.454957+00:00,7c08500c2ec726d984cd7c10548aef44e4e98bcddcd176fa8b9e67c403d9b5bb
images/uav10002_frame00005885_sim1782432105.900.jpg,10002,5885,1782432105.900,2026-09-15T12:48:53.358658+00:00,714a5c7731d351bf903b99e29cd9c4f9adc6d242ccddcb182bfa8bff90b8c101
images/uav10002_frame00005914_sim1782432106.417.jpg,10002,5914,1782432106.417,2026-09-15T12:48:54.367521+00:00,0a0573f5f34e96d1b22f5e0000a0916089afca4d576c9e5e86ce18ece3147d75
images/uav10002_frame00005940_sim1782432106.917.jpg,10002,5940,1782432106.917,2026-09-15T12:48:55.266297+00:00,6e93e996dc2f26c3637bb027208f508a87ceb05b838ab49079e78fbf3cc740d2
images/uav10002_frame00005968_sim1782432107.450.jpg,10002,5968,1782432107.450,2026-09-15T12:48:56.274611+00:00,e9545613af265d5a750612aac72b66a82def64752752a80f2ccc566024707501
images/uav10002_frame00005994_sim1782432107.950.jpg,10002,5994,1782432107.950,2026-09-15T12:48:57.229854+00:00,6220a59055343132bb8fafea5d173fd754aa43bc73640d4636e445a7176b15d2
images/uav10002_frame00006021_sim1782432108.467.jpg,10002,6021,1782432108.467,2026-09-15T12:48:58.184712+00:00,4e8371f19b9f870f701ba37a14a7e36d9be87fbeb4d1cafe380d73664cb439a7
images/uav10002_frame00006045_sim1782432108.983.jpg,10002,6045,1782432108.983,2026-09-15T12:48:59.136865+00:00,8de5d9daefbea2fb526e5f4c9a69915a067da6168a0274f29a6d8b185def238b
images/uav10002_frame00006072_sim1782432109.500.jpg,10002,6072,1782432109.500,2026-09-15T12:49:00.092465+00:00,349e6d62c834e05708462b3c8634c59ecb80579e954c302801f2870c30166d68
images/uav10002_frame00006098_sim1782432110.000.jpg,10002,6098,1782432110.000,2026-09-15T12:49:01.050587+00:00,986083c9f4fa3c7bdbc4b9d3e6becb3160ed81c1255694e6143334c2a34ad328
images/uav10002_frame00006124_sim1782432110.500.jpg,10002,6124,1782432110.500,2026-09-15T12:49:02.004154+00:00,8129c6e12484142f4b55c441c3251a8bde8a7136d2154de2d4f8516c20a2925d
images/uav10002_frame00006149_sim1782432111.017.jpg,10002,6149,1782432111.017,2026-09-15T12:49:02.958976+00:00,a21f261c8f37afd31a99dfe8a98e1a29b35270fbe294b2ae59c50c8aad87cfb9
images/uav10002_frame00006174_sim1782432111.517.jpg,10002,6174,1782432111.517,2026-09-15T12:49:03.912960+00:00,ccfa0e8a6b0731b67d12169fc85e8d5ebcdb2f6bd438f76f4f31df4d7e685b60
images/uav10002_frame00006200_sim1782432112.017.jpg,10002,6200,1782432112.017,2026-09-15T12:49:04.813857+00:00,25edb87d5b9be0b3399bdb147838ff613d5cda9f75a3c15af2982355636af9cb
images/uav10002_frame00006227_sim1782432112.533.jpg,10002,6227,1782432112.533,2026-09-15T12:49:05.766747+00:00,b62b485d033e86751c69920919e6bd3a6b7d2f610aed382872b2e97d851f857d
images/uav10002_frame00006252_sim1782432113.033.jpg,10002,6252,1782432113.033,2026-09-15T12:49:06.723711+00:00,a762ebe94fabfe23b28891943a658482bcd055fd9bf99f098ae45f31bccdd1d5
images/uav10002_frame00006278_sim1782432113.550.jpg,10002,6278,1782432113.550,2026-09-15T12:49:07.628203+00:00,234cb8d43c0ba94a7b837007ee864bfe35bef6abe74ad97d5cd01dd5798f2342
images/uav10002_frame00006307_sim1782432114.083.jpg,10002,6307,1782432114.083,2026-09-15T12:49:08.639290+00:00,a09aa48f35efe74270638ed53de608aeeff0121ae6dfa8578c618067d2d62386
images/uav10002_frame00006333_sim1782432114.583.jpg,10002,6333,1782432114.583,2026-09-15T12:49:09.593549+00:00,47baa96b1f67a708b0f43934529fc042fcf84ac5b631414ec7def84f84fbe9f1
images/uav10002_frame00006360_sim1782432115.100.jpg,10002,6360,1782432115.100,2026-09-15T12:49:10.551845+00:00,2ec7774d8653bbaaede27594a9079a6c35dd2ccdbe081ec7d2070493fbd8d939
images/uav10002_frame00006387_sim1782432115.617.jpg,10002,6387,1782432115.617,2026-09-15T12:49:11.510486+00:00,e8355c37789e24e44e207413d9494516de282c0e870a8286acf701dbbc8f9ae7
images/uav10002_frame00006412_sim1782432116.133.jpg,10002,6412,1782432116.133,2026-09-15T12:49:12.516327+00:00,632c42ebb0ca3db49026e9ca9088fc38e7f90dc9e7bbfb3926a833ac48adb654
images/uav10002_frame00006439_sim1782432116.633.jpg,10002,6439,1782432116.633,2026-09-15T12:49:13.419240+00:00,b2bbe790ef9e0c52b98b587108dd182e0f6216462cc05679187c85dc194219e3
images/uav10002_frame00006468_sim1782432117.183.jpg,10002,6468,1782432117.183,2026-09-15T12:49:14.431012+00:00,31839cf06fd9f5832d9d02c11da26433abfd01579a0ea3911c86aa6935385f0a
images/uav10002_frame00006494_sim1782432117.683.jpg,10002,6494,1782432117.683,2026-09-15T12:49:15.387347+00:00,6084d67e6d496add0df360d8f2597f7e68ec873e88465f72735430f885147ffc
images/uav10002_frame00006522_sim1782432118.200.jpg,10002,6522,1782432118.200,2026-09-15T12:49:16.344017+00:00,5bed82b625fc1952995186e8d15d722fbfaf5a1700ef68cb22d2cbbe4b4e7842
images/uav10002_frame00006550_sim1782432118.717.jpg,10002,6550,1782432118.717,2026-09-15T12:49:17.298403+00:00,4670d0135ba5a48ad9605b3ac26661922a977aa32a6887a5cce8749e70de6370
images/uav10002_frame00006575_sim1782432119.217.jpg,10002,6575,1782432119.217,2026-09-15T12:49:18.256157+00:00,48f885221e9076bafc5ba199872939ffd35c5defb4a3e042218f763d0fb0c3ba
images/uav10002_frame00006601_sim1782432119.717.jpg,10002,6601,1782432119.717,2026-09-15T12:49:19.210798+00:00,211d3f3c8a86392625916cdffbf73a45722ba92640c6a298d126c68a7c15e3aa
images/uav10002_frame00006629_sim1782432120.233.jpg,10002,6629,1782432120.233,2026-09-15T12:49:20.112005+00:00,1f2dfd998386d2f3b018462a4232c77ce3023c9a53cc6efb22553469a6d0606d
images/uav10002_frame00006655_sim1782432120.733.jpg,10002,6655,1782432120.733,2026-09-15T12:49:21.065777+00:00,d905dd896a8b7311b053ede77facc9ebd0a1c82acb26b10dc1bb7f7fc66d69d3
images/uav10002_frame00006681_sim1782432121.233.jpg,10002,6681,1782432121.233,2026-09-15T12:49:21.969941+00:00,19f3b779be555a8704e1afa307ab6ee46766283b6414145fa329f0c8f1842f2f
images/uav10002_frame00006706_sim1782432121.750.jpg,10002,6706,1782432121.750,2026-09-15T12:49:22.981398+00:00,8ac4dc27bc2e731d31e7ce12759b392b329478f39aa4321a45dec7a21173e4a3
images/uav10002_frame00006733_sim1782432122.250.jpg,10002,6733,1782432122.250,2026-09-15T12:49:23.936812+00:00,9308709a5f64e08f18e58d81dac81cc24b7a02e2a2d4e37747584371cdd7b9c5
images/uav10002_frame00006759_sim1782432122.767.jpg,10002,6759,1782432122.767,2026-09-15T12:49:24.838753+00:00,62c894db00996ebce0cfd608890c7f6671e759f1ea38549725a0aa3b565dd21a
images/uav10002_frame00006785_sim1782432123.283.jpg,10002,6785,1782432123.283,2026-09-15T12:49:25.801763+00:00,a75c633839238b17b9882232000bdccfec272d4879f43a4d2d3387b3dffdd6b1
images/uav10002_frame00006813_sim1782432123.817.jpg,10002,6813,1782432123.817,2026-09-15T12:49:26.811531+00:00,f4e34fcee326ed09c37848eece239aa669754c936e092304867fe1a0b0cf2189
images/uav10002_frame00006842_sim1782432124.350.jpg,10002,6842,1782432124.350,2026-09-15T12:49:27.817723+00:00,d10921eeb7c744c13e3fc9e9d5598df4cd07e967fcf84e8c0586bebbbf2870e1
images/uav10002_frame00006868_sim1782432124.850.jpg,10002,6868,1782432124.850,2026-09-15T12:49:28.718212+00:00,b4b330148dba421adb725e6d22ee8c204b79d8295c58c72d234e4808517082d5
images/uav10002_frame00006894_sim1782432125.350.jpg,10002,6894,1782432125.350,2026-09-15T12:49:29.675554+00:00,e8ff13c7d1a6de32a9ecc014bca1f8715052e8d21dd07839f3080fbbb6e9ffcf
images/uav10002_frame00006920_sim1782432125.850.jpg,10002,6920,1782432125.850,2026-09-15T12:49:30.633086+00:00,318c411bb37a908f17730bbbffafd94b4784473e83e4a227ee5694a7966e4dc2
images/uav10002_frame00006947_sim1782432126.350.jpg,10002,6947,1782432126.350,2026-09-15T12:49:31.538215+00:00,f69559b76c5b6c77172e863c0781de4131ec7a07301ac9ea77d7be693e74d185
images/uav10002_frame00006974_sim1782432126.867.jpg,10002,6974,1782432126.867,2026-09-15T12:49:32.498415+00:00,0d239a012249f1db5a985ca52f544165b69f9fdb4869a83b8c8a4c5118880e2e
images/uav10002_frame00007002_sim1782432127.383.jpg,10002,7002,1782432127.383,2026-09-15T12:49:33.455200+00:00,85c0fb665f54afb91ea326030d9ef1e9a57fe77a30edb16370a06291ea9398cf
images/uav10002_frame00007031_sim1782432127.883.jpg,10002,7031,1782432127.883,2026-09-15T12:49:34.418552+00:00,f33408184e7a7e191b882fa5fe0b6b1b72cfc8c70aa69cc90a450f3f8068794f
images/uav10002_frame00007058_sim1782432128.383.jpg,10002,7058,1782432128.383,2026-09-15T12:49:35.325653+00:00,ab55e536e56057fd13321987e261758e0d7e6de73e72772368b0e7e130c83778
images/uav10002_frame00007084_sim1782432128.883.jpg,10002,7084,1782432128.883,2026-09-15T12:49:36.231277+00:00,0bd57b830d060f17311a3265a6fb89c0a37a34bf501df834f2413accc06f9274
images/uav10002_frame00007111_sim1782432129.383.jpg,10002,7111,1782432129.383,2026-09-15T12:49:37.189529+00:00,e216bad5626cba52d2688749403f00aefd8ea3593449c76b35d2f87bccbf86ea
images/uav10002_frame00007138_sim1782432129.883.jpg,10002,7138,1782432129.883,2026-09-15T12:49:38.099175+00:00,fbde70bafb3fe7f5177f9d8b56ed8f14249686c0f6fe100f921a44ef37e6b706
images/uav10002_frame00007165_sim1782432130.383.jpg,10002,7165,1782432130.383,2026-09-15T12:49:39.060976+00:00,4564df181336c0a4d4bc63a01cf6e9a2272060f300ebfd7bbf5ddcdda4e10593
images/uav10002_frame00007192_sim1782432130.883.jpg,10002,7192,1782432130.883,2026-09-15T12:49:39.964524+00:00,8f88dceda216bded6b2aee62263c6616bccd4d47c311195af7fbf989f2fee3d6
images/uav10002_frame00007220_sim1782432131.383.jpg,10002,7220,1782432131.383,2026-09-15T12:49:40.921474+00:00,2f6f9e1fc1712f905c7fbfd2cb0a809d886b8babe04f2804217be4a4aaa49bb6
images/uav10002_frame00007246_sim1782432131.883.jpg,10002,7246,1782432131.883,2026-09-15T12:49:41.827037+00:00,011135296f7084d4cc67a0a83ad6ce2f0a79d31e0ecaf0045ab356445879dab3
images/uav10002_frame00007272_sim1782432132.383.jpg,10002,7272,1782432132.383,2026-09-15T12:49:42.785037+00:00,cc04e6e0a62864d9cd36574f4af5facfe85a0dc25d2d18beb3c134678de9c1bf
images/uav10002_frame00007300_sim1782432132.900.jpg,10002,7300,1782432132.900,2026-09-15T12:49:43.742576+00:00,8cb4d5af3f0e80bfbca4ada9ae9ba832bcadf09be787ddaf481dca00394e9534
images/uav10002_frame00007326_sim1782432133.417.jpg,10002,7326,1782432133.417,2026-09-15T12:49:44.648445+00:00,7bbd43ba20f7b3dba7edb3b781ad4202b95ec415c7807584dcca7084226092e6
images/uav10002_frame00007354_sim1782432133.917.jpg,10002,7354,1782432133.917,2026-09-15T12:49:45.607849+00:00,b7da34dc0d3b0eca37fde08c6fe9cd3aa390bcf0097b5559c7f5a4f445ed1541
images/uav10002_frame00007381_sim1782432134.417.jpg,10002,7381,1782432134.417,2026-09-15T12:49:46.566513+00:00,5c11926a4bebeb8c91603f01f4e08ad44015bcdc45861a7a68e1011c1599e67a
images/uav10002_frame00007406_sim1782432134.917.jpg,10002,7406,1782432134.917,2026-09-15T12:49:47.467097+00:00,e35a18fce40dfdaab7e74971da50a6f34389a6b23919aa9dd91bacdb3af13980
images/uav10002_frame00007434_sim1782432135.417.jpg,10002,7434,1782432135.417,2026-09-15T12:49:48.422675+00:00,474903f4c73bc333fb6b071e64a34ee146cd62215d3a1072c799096e293d1aba
images/uav10002_frame00007458_sim1782432135.917.jpg,10002,7458,1782432135.917,2026-09-15T12:49:49.380405+00:00,b108c2b4dc0f795adcf67ad397b6b75484e42844d79c072a81d5848140cc875c
images/uav10002_frame00007487_sim1782432136.450.jpg,10002,7487,1782432136.450,2026-09-15T12:49:50.338589+00:00,48d72899b09b76a968aa2d5b5e05989b0ddbbc5da31a47e4ab087fada853bd98
images/uav10002_frame00007515_sim1782432137.000.jpg,10002,7515,1782432137.000,2026-09-15T12:49:51.353323+00:00,7607a3db880461f62f5e5ea5674363de685a27f5c12be3786d47aafa6a889e0b
images/uav10002_frame00007543_sim1782432137.517.jpg,10002,7543,1782432137.517,2026-09-15T12:49:52.322526+00:00,0a2948b29f8159a490d6cf81267a5381aac901741be03b54fcfa647ff01a1b4a
images/uav10002_frame00007570_sim1782432138.017.jpg,10002,7570,1782432138.017,2026-09-15T12:49:53.279189+00:00,2bb99ec3c904129431857353cd6763695c503f85c932596d9bfba7489e2d7a94
images/uav10002_frame00007596_sim1782432138.550.jpg,10002,7596,1782432138.550,2026-09-15T12:49:54.285796+00:00,b7e21d567daf5c170f7df2ac0906837e0296bc9e473f3989fdb4ff947fc08b41
images/uav10002_frame00007624_sim1782432139.067.jpg,10002,7624,1782432139.067,2026-09-15T12:49:55.244201+00:00,58460335cab5b0c0de41c97fb557b8ee93739f41a70ed445d6f21770eeeb078f
images/uav10002_frame00007649_sim1782432139.567.jpg,10002,7649,1782432139.567,2026-09-15T12:49:56.200683+00:00,e252b15c9cc1a4b4016074c393c3275a4bfd3ad6bd497fc47333192a9b3701fd
images/uav10002_frame00007676_sim1782432140.083.jpg,10002,7676,1782432140.083,2026-09-15T12:49:57.150503+00:00,6e8cdb414b57acc354a0d88facaf1571d59c0259e1b432840b200e9ad062324e
images/uav10002_frame00007703_sim1782432140.583.jpg,10002,7703,1782432140.583,2026-09-15T12:49:58.054018+00:00,4f0ce098d0cf8a539c9b5d5d88e2e1ffd920faf380340f52ce9718d99a3d0524
images/uav10002_frame00007730_sim1782432141.083.jpg,10002,7730,1782432141.083,2026-09-15T12:49:59.008817+00:00,e44c988ad920162e6bb1c8e2f2132391e47bfedf052ce75a8308e6ab145b1b07
images/uav10002_frame00007755_sim1782432141.583.jpg,10002,7755,1782432141.583,2026-09-15T12:49:59.912851+00:00,af84f0e9b87e867b3aaa7bbe8ab2946920b1938697dd663f135aed9bd351ef82
images/uav10002_frame00007784_sim1782432142.083.jpg,10002,7784,1782432142.083,2026-09-15T12:50:00.866426+00:00,18c4af5643e1e45b97a96332a922194986624447ff5b6a852ecec88840d2c1d2
images/uav10002_frame00007810_sim1782432142.583.jpg,10002,7810,1782432142.583,2026-09-15T12:50:01.766558+00:00,1c582f782139a3ae0ec45d3211e5c36dfad0acd891f5db80c5e89654b14c6878
images/uav10002_frame00007837_sim1782432143.100.jpg,10002,7837,1782432143.100,2026-09-15T12:50:02.730827+00:00,1af09c4a0c0938341b9c19b6a40b27a70ff16f7cff5e6a98452e6532094c5bf7
images/uav10002_frame00007864_sim1782432143.600.jpg,10002,7864,1782432143.600,2026-09-15T12:50:03.690666+00:00,9bf1078e6c9cc822a85cb75bd354058cbc223f0a7369216872a4cf74c91c034e
images/uav10002_frame00007892_sim1782432144.133.jpg,10002,7892,1782432144.133,2026-09-15T12:50:04.644356+00:00,9bd6ad64dd6357d7bf8f929f812616398ce6ab744f4c1c98fce9a9acd3bef244
images/uav10002_frame00007919_sim1782432144.633.jpg,10002,7919,1782432144.633,2026-09-15T12:50:05.601864+00:00,b085525f3316ad54b7ba9b2250b113a3231cfdfdd25a08aa4b29fdf9e3787a67
images/uav10002_frame00007945_sim1782432145.133.jpg,10002,7945,1782432145.133,2026-09-15T12:50:06.510302+00:00,3e626529d7e8eba43398d848bb8c90afbf4a5f13937fd07d1459265584493b51
images/uav10002_frame00007972_sim1782432145.633.jpg,10002,7972,1782432145.633,2026-09-15T12:50:07.465917+00:00,e4a4fde4edd0910187dfed02f5ab9a02afeb9aa266a5340da6bc71270666b4d3
images/uav10002_frame00007998_sim1782432146.133.jpg,10002,7998,1782432146.133,2026-09-15T12:50:08.424290+00:00,a4e2386ca73a0820d269584e30924bec7c37fce6f243a2c0d2b57494f98f7530
images/uav10002_frame00008027_sim1782432146.667.jpg,10002,8027,1782432146.667,2026-09-15T12:50:09.376734+00:00,10c4afbb9bc0ddc77fc9e9f9185fb1c65f5f9ac013cfc5d56c4ad208638e3f10
images/uav10002_frame00008055_sim1782432147.200.jpg,10002,8055,1782432147.200,2026-09-15T12:50:10.385637+00:00,9b682a979862b610c55a6c05d2ee36e65f38ea6b57069eeb254896eae300876b
images/uav10002_frame00008081_sim1782432147.717.jpg,10002,8081,1782432147.717,2026-09-15T12:50:11.339331+00:00,62e3f1aafb868adc126c20c64a98b4d7f7b4ee363dee512c5a1fbbaa5aa2f9a1
images/uav10002_frame00008108_sim1782432148.217.jpg,10002,8108,1782432148.217,2026-09-15T12:50:12.296130+00:00,e42dded87b89900c6dd19a86e24e9eaa636308372f69a782fe4716e99be4b61a
images/uav10002_frame00008135_sim1782432148.717.jpg,10002,8135,1782432148.717,2026-09-15T12:50:13.198468+00:00,6168ca4f35c48c0bf1daec4f757774e8f379b9f2bc67f3b292b06f73c35a50f2
images/uav10002_frame00008162_sim1782432149.217.jpg,10002,8162,1782432149.217,2026-09-15T12:50:14.156583+00:00,9dd9ce52d4c291561bbffe09ccbf3d8dbecbe310f55711a053403ac7aaba28a1
images/uav10002_frame00008189_sim1782432149.733.jpg,10002,8189,1782432149.733,2026-09-15T12:50:15.111367+00:00,8b24277a62b98915bf620e41cd0af3c1b887184abe2aa0bdcc36a3cda5a8162d
images/uav10002_frame00008216_sim1782432150.233.jpg,10002,8216,1782432150.233,2026-09-15T12:50:16.068962+00:00,c6e6bfd6077722395f59aee774c26eddc4be460685a46b98ef772c2a0d0212f7
images/uav10002_frame00008244_sim1782432150.733.jpg,10002,8244,1782432150.733,2026-09-15T12:50:17.023022+00:00,426da23ef06f56632d4c35575bf1b5bd8635d26d26b469cf7c81498b74f023e6
images/uav10002_frame00008271_sim1782432151.233.jpg,10002,8271,1782432151.233,2026-09-15T12:50:17.926837+00:00,2599ff984e034a4b05faa98430496c17670ea96e9a506d8541ea723460af129b
images/uav10002_frame00008298_sim1782432151.750.jpg,10002,8298,1782432151.750,2026-09-15T12:50:18.886285+00:00,31aecfff30ec9a6480eb161b328fca8d048721c5c064ceb92802802cccfe059e
images/uav10002_frame00008323_sim1782432152.250.jpg,10002,8323,1782432152.250,2026-09-15T12:50:19.790644+00:00,176aaacc57b9ee4656230fcd9aefd38eb1c47c1db4a42853fb19df813647d672
images/uav10002_frame00008350_sim1782432152.750.jpg,10002,8350,1782432152.750,2026-09-15T12:50:20.741705+00:00,4ff4355fba052f3578ebde297a7f7748c0d018e09136867032b677c395ab55c9
images/uav10002_frame00008376_sim1782432153.250.jpg,10002,8376,1782432153.250,2026-09-15T12:50:21.695329+00:00,c25d3bcd172174321805a49924ff98f4efe9291afc28760e409f4607f4b62e56
images/uav10002_frame00008403_sim1782432153.767.jpg,10002,8403,1782432153.767,2026-09-15T12:50:22.653813+00:00,21c09948705c832c6bcf320b6e6592f6a87490e38d90614395a7315263786b9c
images/uav10002_frame00008429_sim1782432154.283.jpg,10002,8429,1782432154.283,2026-09-15T12:50:23.611010+00:00,cf438098c75aa29ee66f0a9a15e70275188555f605aec1caf5aa698360080e84
images/uav10002_frame00008456_sim1782432154.783.jpg,10002,8456,1782432154.783,2026-09-15T12:50:24.568404+00:00,0fc6667c6b545ba0805b1947d5ff3e0b80ac82afce1f3f86290cefe26cafebd6
images/uav10002_frame00008482_sim1782432155.283.jpg,10002,8482,1782432155.283,2026-09-15T12:50:25.470781+00:00,c1fa4980c5f87b045f3538ee78420044f7a917658d970753e60e4368bf1a0838
images/uav10002_frame00008508_sim1782432155.783.jpg,10002,8508,1782432155.783,2026-09-15T12:50:26.427589+00:00,f219d3b57e88d2d517fcbb129a605d854dbf77ad96f4f0f2157863510f429796
images/uav10002_frame00008536_sim1782432156.317.jpg,10002,8536,1782432156.317,2026-09-15T12:50:27.434658+00:00,f4253fac8e2717f2b6612a3535bd42d8305cddc33b087fb87ac8ba5e3b42ea0e
images/uav10002_frame00008563_sim1782432156.817.jpg,10002,8563,1782432156.817,2026-09-15T12:50:28.342521+00:00,6c83ed094d3c381b061109a435e13d66b1a105104a38dfa8b69f3853898301b0
images/uav10002_frame00008588_sim1782432157.317.jpg,10002,8588,1782432157.317,2026-09-15T12:50:29.301631+00:00,4188540e3ffc059a7443d5046a46249041682f021128b1c2613caa6e732089b6
images/uav10002_frame00008614_sim1782432157.817.jpg,10002,8614,1782432157.817,2026-09-15T12:50:30.204838+00:00,ac64c38a53e873648dfa13c0803ccc047b0b19094a58327a9f4c2f1aeabf0367
images/uav10002_frame00008643_sim1782432158.333.jpg,10002,8643,1782432158.333,2026-09-15T12:50:31.163220+00:00,e6b1c44040c81f213a7a4bac3026a43b8883082060d858e286726c36bb5d8a8d
images/uav10002_frame00008669_sim1782432158.833.jpg,10002,8669,1782432158.833,2026-09-15T12:50:32.122231+00:00,b655344abf703fe6cf60bc3987cddbed1d0c65846053bafebb9d6319df8f48e1
images/uav10002_frame00008696_sim1782432159.333.jpg,10002,8696,1782432159.333,2026-09-15T12:50:33.030701+00:00,7ca8be46b80c176b7ddf7e98d867f3157cbb7b4b6cd744f0a4ebe2bb6a9ace18
images/uav10002_frame00008724_sim1782432159.833.jpg,10002,8724,1782432159.833,2026-09-15T12:50:33.986267+00:00,b9037db93b51987f0186e506b047dd79bb64c43f9f451b3c4f37942734141be0
images/uav10002_frame00008751_sim1782432160.367.jpg,10002,8751,1782432160.367,2026-09-15T12:50:34.946117+00:00,d6a614690ff56280102f44774f69f0ffbc035dcf7234e0f01022c18bb87e0f74
images/uav10002_frame00008778_sim1782432160.867.jpg,10002,8778,1782432160.867,2026-09-15T12:50:35.904220+00:00,bcca870d73df87856719ac0e7d396382bac59f3feb4691cde337a181f269d1d6
images/uav10002_frame00008803_sim1782432161.367.jpg,10002,8803,1782432161.367,2026-09-15T12:50:36.806743+00:00,4f2f19422e72f1592b35849cc47505419e308ab95fa3df6dd5b619cd37d1f497
images/uav10002_frame00008830_sim1782432161.900.jpg,10002,8830,1782432161.900,2026-09-15T12:50:37.815293+00:00,bf243f6deca25c6a186f5a49c30f7576344df42f58b85e01fed7ddb4f7492dc5
images/uav10002_frame00008857_sim1782432162.400.jpg,10002,8857,1782432162.400,2026-09-15T12:50:38.770863+00:00,c2f43e54507a02d55e11dc7691e2e357ab1d1f6a3786ba5b027f796d8ed2f8e5
images/uav10002_frame00008883_sim1782432162.900.jpg,10002,8883,1782432162.900,2026-09-15T12:50:39.672751+00:00,6d6125b5a6ebeb8523cdf919d162ed701a973fcab090f3856d0a79a0e9f519f1
images/uav10002_frame00008910_sim1782432163.417.jpg,10002,8910,1782432163.417,2026-09-15T12:50:40.634381+00:00,306d2a4f5fcd6f4d5efc2407102c3116ee524f98565546bd27c0e1dd50a1d487
images/uav10002_frame00008938_sim1782432163.933.jpg,10002,8938,1782432163.933,2026-09-15T12:50:41.589960+00:00,42bf8346f5a76f0a54acc385f5054b57cd7189fedb5c06fae68d8ef11f6d8f58
images/uav10002_frame00008965_sim1782432164.433.jpg,10002,8965,1782432164.433,2026-09-15T12:50:42.551598+00:00,69268cf61fc5b347dc3b9f9a5d43c6ba6c4a2d8f853606fd110d5857e8f5b5ba
images/uav10002_frame00008992_sim1782432164.950.jpg,10002,8992,1782432164.950,2026-09-15T12:50:43.513103+00:00,526f653af3cf15517393173b2e7ead48ca7c795ea3435258ae467daf174caff6
images/uav10002_frame00009018_sim1782432165.450.jpg,10002,9018,1782432165.450,2026-09-15T12:50:44.470328+00:00,f20113b73421fb87bec5fb723058b5a7a158da46f9fdb1b2879dff35b2ab4020
images/uav10002_frame00009047_sim1782432165.983.jpg,10002,9047,1782432165.983,2026-09-15T12:50:45.427517+00:00,cc69d1bd39cfe5384a9c4171b10360f8a85bacc7076cf5c0644dc45a420e626c
